command,mean,stddev,median,user,system,min,max,parameter_width
libseff_master_repo/bench/handler_stack_bench/output/massive 1000 1000 0,0.009813490539622643,0.0008717974929456697,0.009623726,0.006923079245283022,0.0024509886792452827,0.008207469,0.01223709,0
libseff_working_repo/bench/handler_stack_bench/output/massive 1000 1000 0,0.008325864251655631,0.001219963242910493,0.007783357,0.0053954900662251636,0.0023879039735099352,0.006921073000000001,0.013184143,0
libseff_new_and_improved_repo/bench/handler_stack_bench/output/massive 1000 1000 0,0.012075148339449535,0.0008033984654156865,0.011961530000000001,0.008943633027522935,0.0025626834862385304,0.009206158,0.015031416,0
libseff_binsearch_repo/bench/handler_stack_bench/output/massive 1000 1000 0,0.012523861604,0.001087401149386771,0.012331687000000001,0.008942904000000005,0.0026134400000000003,0.009984208000000001,0.015267769,0
libseff_binsearch_clever_repo/bench/handler_stack_bench/output/massive 1000 1000 0,0.012672743320158105,0.0007413668795314894,0.012718403000000001,0.009376292490118579,0.002582865612648221,0.010275937,0.014976032,0
libseff_automem_repo/bench/handler_stack_bench/output/massive 1000 1000 0,0.01079973372623574,0.0007486618471282186,0.010852091000000001,0.00759613307984791,0.0026361216730038024,0.00842705,0.012748268,0
libseff_master_repo/bench/handler_stack_bench/output/massive 1000 1000 10,0.009798866324999997,0.0004292713405515761,0.009774454500000002,0.006812549999999999,0.0025607468750000026,0.008458776000000001,0.010986200000000002,10
libseff_working_repo/bench/handler_stack_bench/output/massive 1000 1000 10,0.00909256939000001,0.0012393070456864488,0.009750894500000001,0.006368217499999999,0.0023018324999999995,0.006678239000000001,0.011350675000000001,10
libseff_new_and_improved_repo/bench/handler_stack_bench/output/massive 1000 1000 10,0.01627342409625669,0.0007592281433228654,0.016375517000000003,0.013083711229946527,0.0027467647058823526,0.013705601000000001,0.018067147000000002,10
libseff_binsearch_repo/bench/handler_stack_bench/output/massive 1000 1000 10,0.015599061295336796,0.0006018128802858053,0.015530207,0.01222387046632125,0.002968544041450776,0.014086222,0.017196449000000003,10
libseff_binsearch_clever_repo/bench/handler_stack_bench/output/massive 1000 1000 10,0.016248092442622958,0.0006597503708623485,0.016281919000000002,0.012621672131147546,0.002988896174863388,0.013679239000000001,0.017584641,10
libseff_automem_repo/bench/handler_stack_bench/output/massive 1000 1000 10,0.009825396548821546,0.00044590282856212947,0.009841415000000001,0.006681791245791243,0.0026732457912457927,0.008674514000000001,0.011168534,10
libseff_master_repo/bench/handler_stack_bench/output/massive 1000 1000 20,0.012122650217391307,0.0003702305433276176,0.012110029000000001,0.008342272727272728,0.002739162055335968,0.011288596000000001,0.013357115000000001,20
libseff_working_repo/bench/handler_stack_bench/output/massive 1000 1000 20,0.009178894447019872,0.0011703381979396273,0.009770658000000002,0.0064816291390728505,0.002274778145695363,0.006893523,0.011136658,20
libseff_new_and_improved_repo/bench/handler_stack_bench/output/massive 1000 1000 20,0.018217532857142858,0.0009809371823215165,0.018122263,0.015060795918367344,0.0027310884353741495,0.015518937000000002,0.020892342,20
libseff_binsearch_repo/bench/handler_stack_bench/output/massive 1000 1000 20,0.014601883107692304,0.0006720576154868724,0.014695956000000001,0.010855297435897433,0.003270466666666666,0.012539972,0.016382081,20
libseff_binsearch_clever_repo/bench/handler_stack_bench/output/massive 1000 1000 20,0.01709342993922652,0.0008147856652689314,0.017044645,0.013661790055248615,0.002886093922651935,0.015341586,0.019698709000000002,20
libseff_automem_repo/bench/handler_stack_bench/output/massive 1000 1000 20,0.01200298932806324,0.0003424785068790019,0.011974144,0.008646106719367594,0.0029347193675889316,0.011170323000000001,0.013412477,20
libseff_master_repo/bench/handler_stack_bench/output/massive 1000 1000 30,0.016708604520710064,0.0006925998519730541,0.016556039,0.013263201183431949,0.0029144082840236673,0.01542535,0.018960039,30
libseff_working_repo/bench/handler_stack_bench/output/massive 1000 1000 30,0.0082279576453202,0.0010916738667012286,0.007673837500000001,0.005417216748768476,0.002408485221674876,0.006765129000000001,0.010544302,30
libseff_new_and_improved_repo/bench/handler_stack_bench/output/massive 1000 1000 30,0.022997720781249995,0.0008123226640418683,0.023080729,0.019560906249999992,0.003093289062500001,0.021021328000000002,0.024937043000000002,30
libseff_binsearch_repo/bench/handler_stack_bench/output/massive 1000 1000 30,0.015158352629629626,0.0007407858549291826,0.015208071,0.011140190476190477,0.0032973492063492066,0.013062075000000001,0.018032259000000002,30
libseff_binsearch_clever_repo/bench/handler_stack_bench/output/massive 1000 1000 30,0.02171554964444445,0.0012771769305969871,0.021567964000000002,0.017673400000000002,0.0036564962962962974,0.01906845,0.026413428000000003,30
libseff_automem_repo/bench/handler_stack_bench/output/massive 1000 1000 30,0.016822695849397596,0.0006773599799669537,0.016808419,0.013086753012048188,0.003042012048192771,0.015321318,0.01872984,30
libseff_master_repo/bench/handler_stack_bench/output/massive 1000 1000 40,0.01891288643452382,0.0018329915111663334,0.01847772,0.014974845238095228,0.0032901071428571406,0.016702904,0.029052134,40
libseff_working_repo/bench/handler_stack_bench/output/massive 1000 1000 40,0.009640476020997378,0.0011735875433796128,0.010074057,0.006813952755905515,0.0024527349081364825,0.007075324,0.011688034,40
libseff_new_and_improved_repo/bench/handler_stack_bench/output/massive 1000 1000 40,0.032398284240000005,0.0018135657175173288,0.0320734345,0.02829877000000001,0.003783240000000001,0.02789985,0.037160508,40
libseff_binsearch_repo/bench/handler_stack_bench/output/massive 1000 1000 40,0.016747196437837838,0.0012362686127445495,0.016615277,0.012302935135135135,0.00414387027027027,0.014509138000000001,0.028349034000000002,40
libseff_binsearch_clever_repo/bench/handler_stack_bench/output/massive 1000 1000 40,0.01833087400584795,0.0008221792301462334,0.018291959,0.014154742690058479,0.003486035087719298,0.016485946,0.020724559,40
libseff_automem_repo/bench/handler_stack_bench/output/massive 1000 1000 40,0.01825044942941177,0.0012309566839061807,0.0178612715,0.014510705882352943,0.003092711764705882,0.016401241,0.021845982,40
libseff_master_repo/bench/handler_stack_bench/output/massive 1000 1000 50,0.02107943839097744,0.0017289128935635274,0.020769422000000003,0.017326390977443602,0.0032416541353383448,0.018304004000000002,0.024362272,50
libseff_working_repo/bench/handler_stack_bench/output/massive 1000 1000 50,0.009517967495238098,0.0008879078019271583,0.009834145,0.006878079365079364,0.0022487365079365087,0.0069985640000000005,0.010945841000000001,50
libseff_new_and_improved_repo/bench/handler_stack_bench/output/massive 1000 1000 50,0.0376570596625,0.0019838384143394555,0.03760139850000001,0.033442237500000006,0.0036207750000000006,0.033101704,0.04248596,50
libseff_binsearch_repo/bench/handler_stack_bench/output/massive 1000 1000 50,0.017107173282485875,0.000898811561203857,0.016990589,0.012790903954802263,0.003930610169491526,0.015105113000000002,0.019597693000000003,50
libseff_binsearch_clever_repo/bench/handler_stack_bench/output/massive 1000 1000 50,0.02076790475862069,0.0009837361584564732,0.02071318,0.017187172413793094,0.0033338344827586208,0.01894477,0.025935855,50
libseff_automem_repo/bench/handler_stack_bench/output/massive 1000 1000 50,0.021285848174242426,0.0013294944582156005,0.021224653000000003,0.017299454545454538,0.0036394621212121193,0.018652741,0.024292618000000002,50
libseff_master_repo/bench/handler_stack_bench/output/massive 1000 1000 60,0.025204170826086947,0.0018298528069502682,0.025349313000000002,0.0214014,0.0035450695652173908,0.021468321000000002,0.028539603,60
libseff_working_repo/bench/handler_stack_bench/output/massive 1000 1000 60,0.00816875286666667,0.001087363726081536,0.0075209995,0.005607472727272727,0.0022640242424242438,0.006827294,0.010433022,60
libseff_new_and_improved_repo/bench/handler_stack_bench/output/massive 1000 1000 60,0.043911424901408466,0.0018620991781339467,0.043757729,0.04019454929577463,0.0033360845070422537,0.039140801,0.051719162000000006,60
libseff_binsearch_repo/bench/handler_stack_bench/output/massive 1000 1000 60,0.018001770057803467,0.0012630194521567211,0.01788816,0.013598028901734104,0.003977260115606937,0.015112393000000002,0.021310919,60
libseff_binsearch_clever_repo/bench/handler_stack_bench/output/massive 1000 1000 60,0.022533171443548397,0.0008544589833476125,0.022518764000000004,0.018477475806451597,0.00375191129032258,0.020495068,0.024547318000000002,60
libseff_automem_repo/bench/handler_stack_bench/output/massive 1000 1000 60,0.0249673393697479,0.0017808229186608438,0.024809487,0.0214903949579832,0.003221529411764707,0.021448784000000002,0.028887325000000002,60
libseff_master_repo/bench/handler_stack_bench/output/massive 1000 1000 70,0.03433976728571428,0.0014127962473885422,0.034393252,0.030136880952380957,0.0038038095238095227,0.030722503,0.037498485000000005,70
libseff_working_repo/bench/handler_stack_bench/output/massive 1000 1000 70,0.00917467315443038,0.0011519736284876863,0.009718883000000001,0.006414526582278484,0.0023347873417721514,0.006979122000000001,0.010727156,70
libseff_new_and_improved_repo/bench/handler_stack_bench/output/massive 1000 1000 70,0.04835335452307691,0.002495758693715845,0.048940428,0.043951769230769246,0.003819584615384615,0.043426327,0.054055375,70
libseff_binsearch_repo/bench/handler_stack_bench/output/massive 1000 1000 70,0.02052141385106383,0.0027233296573118374,0.019727852,0.01624966666666667,0.003778191489361702,0.016404500000000002,0.025964555,70
libseff_binsearch_clever_repo/bench/handler_stack_bench/output/massive 1000 1000 70,0.02000454820394738,0.0008705094128093085,0.020153919,0.015638223684210518,0.0039664999999999995,0.017483237000000002,0.022539605,70
libseff_automem_repo/bench/handler_stack_bench/output/massive 1000 1000 70,0.03555369778750001,0.0014959805903116629,0.03582215,0.03114107499999999,0.0040391375,0.031842742,0.038856782,70
libseff_master_repo/bench/handler_stack_bench/output/massive 1000 1000 80,0.06803614436585366,0.0028087169906800837,0.06743012100000001,0.06331704878048781,0.004251317073170731,0.06344195400000001,0.07298859,80
libseff_working_repo/bench/handler_stack_bench/output/massive 1000 1000 80,0.00939148887209303,0.0010393945792200887,0.009879991500000001,0.006724537790697681,0.002340034883720929,0.006860775,0.011330952,80
libseff_new_and_improved_repo/bench/handler_stack_bench/output/massive 1000 1000 80,0.05488864784313728,0.0018928776682621026,0.054506648000000005,0.05029633333333331,0.004055490196078432,0.051356272,0.059842080000000006,80
libseff_binsearch_repo/bench/handler_stack_bench/output/massive 1000 1000 80,0.023527618364864854,0.003055170060354561,0.023435475,0.019377864864864872,0.0038411283783783795,0.017886214,0.028644808,80
libseff_binsearch_clever_repo/bench/handler_stack_bench/output/massive 1000 1000 80,0.021860661592307686,0.0008448036670479261,0.021874557500000003,0.017603676923076923,0.003940292307692306,0.019545609000000002,0.025185173,80
libseff_automem_repo/bench/handler_stack_bench/output/massive 1000 1000 80,0.06937713948837207,0.0031083692637347672,0.069600984,0.06485923255813952,0.004158767441860466,0.06257750000000001,0.07583137300000001,80
libseff_master_repo/bench/handler_stack_bench/output/massive 1000 1000 90,0.058970315215686304,0.0023942911838850116,0.059184905,0.05387666666666666,0.004588490196078431,0.05382503600000001,0.065433189,90
libseff_working_repo/bench/handler_stack_bench/output/massive 1000 1000 90,0.00817424308128079,0.0011339718412733814,0.007652435500000001,0.005669145320197045,0.0020839605911330016,0.0066730140000000005,0.01086109,90
libseff_new_and_improved_repo/bench/handler_stack_bench/output/massive 1000 1000 90,0.06608405504545456,0.0013227334721050978,0.06612965950000001,0.06182161363636365,0.0037864772727272734,0.063476296,0.068649506,90
libseff_binsearch_repo/bench/handler_stack_bench/output/massive 1000 1000 90,0.021679192730496455,0.001970436823225452,0.021316679,0.017061822695035457,0.004285531914893615,0.017227390000000002,0.02583803,90
libseff_binsearch_clever_repo/bench/handler_stack_bench/output/massive 1000 1000 90,0.02269063746511629,0.0011024422807317188,0.022687000000000002,0.018382186046511626,0.0040288217054263555,0.019878376,0.025383993,90
libseff_automem_repo/bench/handler_stack_bench/output/massive 1000 1000 90,0.05865173293750001,0.002275042174339309,0.059008989,0.05368806249999999,0.004685604166666667,0.052454248,0.061886694000000006,90
libseff_master_repo/bench/handler_stack_bench/output/massive 1000 1000 100,0.07185172595238096,0.0026417348034267728,0.0714464705,0.06692669047619045,0.004326571428571428,0.066236848,0.078222863,100
libseff_working_repo/bench/handler_stack_bench/output/massive 1000 1000 100,0.008106462635416669,0.0010494578724192414,0.007628102000000001,0.005514277777777778,0.0022773020833333326,0.006912853,0.010818899,100
libseff_new_and_improved_repo/bench/handler_stack_bench/output/massive 1000 1000 100,0.06514219556249999,0.002768483285420122,0.06473295700000001,0.061082770833333334,0.0035288749999999995,0.059733588000000004,0.072421687,100
libseff_binsearch_repo/bench/handler_stack_bench/output/massive 1000 1000 100,0.022906342405228763,0.0036426514309981363,0.021635702,0.018368555555555555,0.004182490196078434,0.018234871,0.030281728,100
libseff_binsearch_clever_repo/bench/handler_stack_bench/output/massive 1000 1000 100,0.0243291401,0.0010950184048073154,0.0243118945,0.019676238461538455,0.004178407692307692,0.021775904000000002,0.026360024000000003,100
libseff_automem_repo/bench/handler_stack_bench/output/massive 1000 1000 100,0.07058131132499998,0.0020967141273807626,0.0703712105,0.0649013,0.005029775000000001,0.066035358,0.07482581,100
libseff_master_repo/bench/handler_stack_bench/output/massive 1000 1000 110,0.06861818261363638,0.001679536547914213,0.06854430350000001,0.06420361363636364,0.003300568181818182,0.06574906300000001,0.07233816,110
libseff_working_repo/bench/handler_stack_bench/output/massive 1000 1000 110,0.009123877961636839,0.0012086012579025926,0.009714611000000001,0.006329629156010232,0.0023141764705882353,0.006817287,0.011333561,110
libseff_new_and_improved_repo/bench/handler_stack_bench/output/massive 1000 1000 110,0.06905325670454548,0.0027445127125459035,0.0685330515,0.0643643409090909,0.0041477954545454535,0.06434369300000001,0.07558579600000001,110
libseff_binsearch_repo/bench/handler_stack_bench/output/massive 1000 1000 110,0.02450048688372092,0.003722706667492721,0.023383428,0.02002993023255813,0.004079682170542635,0.019414924,0.032474010000000005,110
libseff_binsearch_clever_repo/bench/handler_stack_bench/output/massive 1000 1000 110,0.02637775506722689,0.0013275582056425665,0.026245474,0.021745789915966388,0.004320504201680671,0.024012056,0.029629388000000003,110
libseff_automem_repo/bench/handler_stack_bench/output/massive 1000 1000 110,0.06820620897674419,0.001543797209202416,0.068390985,0.06280630232558139,0.00498506976744186,0.064484467,0.071809988,110
libseff_master_repo/bench/handler_stack_bench/output/massive 1000 1000 120,0.07143832843902441,0.002028759950714488,0.070923463,0.06595629268292683,0.005106073170731708,0.06868315600000001,0.076642877,120
libseff_working_repo/bench/handler_stack_bench/output/massive 1000 1000 120,0.007945233642857144,0.0011098307704075503,0.007427279,0.005558727272727268,0.002035074675324675,0.006734264,0.011595142000000001,120
libseff_new_and_improved_repo/bench/handler_stack_bench/output/massive 1000 1000 120,0.07231396023684211,0.0031044203194861633,0.071709824,0.06726134210526313,0.004382315789473684,0.067372342,0.07981450000000001,120
libseff_binsearch_repo/bench/handler_stack_bench/output/massive 1000 1000 120,0.025286559241935493,0.0018500041499663383,0.025648296,0.020534395161290322,0.004463524193548386,0.021327562,0.030723918000000003,120
libseff_binsearch_clever_repo/bench/handler_stack_bench/output/massive 1000 1000 120,0.02804589133333334,0.0009602754804597795,0.027908043,0.0229527927927928,0.00445243243243243,0.025984491000000002,0.030905545000000003,120
libseff_automem_repo/bench/handler_stack_bench/output/massive 1000 1000 120,0.07124739304651166,0.0012789897175133037,0.07102829000000001,0.06576951162790698,0.0044673720930232565,0.068461904,0.073525328,120
libseff_master_repo/bench/handler_stack_bench/output/massive 1000 1000 130,0.07367780507317073,0.0021461653346777415,0.073000727,0.06825326829268291,0.004525853658536587,0.070828053,0.080897363,130
libseff_working_repo/bench/handler_stack_bench/output/massive 1000 1000 130,0.008077014551369865,0.0011233874494997963,0.0074689995,0.005482393835616443,0.0022059452054794524,0.006798286000000001,0.010371643,130
libseff_new_and_improved_repo/bench/handler_stack_bench/output/massive 1000 1000 130,0.07643102305405404,0.002774837372148721,0.076451794,0.07137972972972971,0.0043689459459459465,0.07207275,0.08332652600000001,130
libseff_binsearch_repo/bench/handler_stack_bench/output/massive 1000 1000 130,0.026295186252252262,0.0032820155298431577,0.025442697,0.02069006306306306,0.005118405405405404,0.021458757000000002,0.032733410000000004,130
libseff_binsearch_clever_repo/bench/handler_stack_bench/output/massive 1000 1000 130,0.024260156094827595,0.0013113683462730266,0.023970382000000002,0.019387568965517247,0.004462939655172415,0.022135536,0.028967484,130
libseff_automem_repo/bench/handler_stack_bench/output/massive 1000 1000 130,0.07431538992500003,0.0013985497541909473,0.07401029,0.06790682499999998,0.005199775000000001,0.071743929,0.077589929,130
libseff_master_repo/bench/handler_stack_bench/output/massive 1000 1000 140,0.07952035974999999,0.0017918272628972174,0.0794125085,0.07438919444444442,0.0045269444444444445,0.07616202000000001,0.08517296,140
libseff_working_repo/bench/handler_stack_bench/output/massive 1000 1000 140,0.009367589109634556,0.001076177957214003,0.009851076,0.00655304318936877,0.002275039867109634,0.006838414,0.010876707000000001,140
libseff_new_and_improved_repo/bench/handler_stack_bench/output/massive 1000 1000 140,0.08471254431428572,0.003863675115652453,0.08543268600000001,0.0788736857142857,0.004840028571428572,0.07639804700000001,0.09118142400000001,140
libseff_binsearch_repo/bench/handler_stack_bench/output/massive 1000 1000 140,0.025030303661417334,0.002930816397987781,0.023990591000000002,0.019264811023622045,0.00535937007874016,0.021301947,0.036276537000000005,140
libseff_binsearch_clever_repo/bench/handler_stack_bench/output/massive 1000 1000 140,0.02464266407826087,0.001126553917722034,0.024547700000000002,0.018975730434782602,0.005267365217391305,0.022112886000000002,0.028371298000000003,140
libseff_automem_repo/bench/handler_stack_bench/output/massive 1000 1000 140,0.07930589772222224,0.0016763140153318132,0.07934055450000001,0.07408908333333333,0.004605861111111112,0.076432872,0.083308622,140
libseff_master_repo/bench/handler_stack_bench/output/massive 1000 1000 150,0.08744278405882354,0.0023871379898882596,0.0872428385,0.08157317647058823,0.004871470588235293,0.082030138,0.091473685,150
libseff_working_repo/bench/handler_stack_bench/output/massive 1000 1000 150,0.008414968797250852,0.0012044969073161439,0.007873931,0.005694333333333333,0.0022783058419243983,0.006884467,0.011062263000000001,150
libseff_new_and_improved_repo/bench/handler_stack_bench/output/massive 1000 1000 150,0.09174273900000002,0.0034004351769060014,0.09072253100000001,0.08605330303030301,0.004806939393939394,0.08595973100000001,0.09867574100000001,150
libseff_binsearch_repo/bench/handler_stack_bench/output/massive 1000 1000 150,0.02844338620000001,0.003823734756991702,0.02754268,0.022783837499999997,0.005216524999999998,0.022636367,0.037259395,150
libseff_binsearch_clever_repo/bench/handler_stack_bench/output/massive 1000 1000 150,0.02565452360162601,0.0010750322009989597,0.025465572000000002,0.020521707317073177,0.004771146341463415,0.023435852,0.028682895000000003,150
libseff_automem_repo/bench/handler_stack_bench/output/massive 1000 1000 150,0.08633490142424244,0.0020903114589622468,0.086171887,0.08021599999999998,0.005383666666666666,0.083072088,0.09018656700000001,150
libseff_master_repo/bench/handler_stack_bench/output/massive 1000 1000 160,0.0864810924857143,0.0023834007861897105,0.08613277100000001,0.08132454285714284,0.004756742857142857,0.08303292000000001,0.09394107500000001,160
libseff_working_repo/bench/handler_stack_bench/output/massive 1000 1000 160,0.008111378051359513,0.0010622146806007352,0.007587873,0.005653432024169183,0.002192450151057401,0.00688297,0.010893271000000001,160
libseff_new_and_improved_repo/bench/handler_stack_bench/output/massive 1000 1000 160,0.08719776673529413,0.003270835730645862,0.0877227575,0.08165947058823529,0.005017999999999999,0.079675856,0.09305614400000001,160
libseff_binsearch_repo/bench/handler_stack_bench/output/massive 1000 1000 160,0.03634190376190477,0.0011046700016625873,0.036222636,0.030143047619047625,0.005635964285714284,0.033949986,0.039062364,160
libseff_binsearch_clever_repo/bench/handler_stack_bench/output/massive 1000 1000 160,0.03412295640659341,0.0015309061499720782,0.034152032,0.028453142857142857,0.005003274725274726,0.031492135000000004,0.039865267,160
libseff_automem_repo/bench/handler_stack_bench/output/massive 1000 1000 160,0.08694604002857144,0.002438064946075757,0.086531696,0.08216877142857142,0.004409085714285716,0.082645855,0.09348826,160
libseff_master_repo/bench/handler_stack_bench/output/massive 1000 1000 170,0.09728739013333333,0.0034216896002631234,0.09761535900000001,0.09083223333333333,0.006106599999999999,0.09122759300000001,0.10362344000000001,170
libseff_working_repo/bench/handler_stack_bench/output/massive 1000 1000 170,0.00941077514320987,0.0010350886108066919,0.009864517000000001,0.0066629111111111165,0.0022843012345679014,0.006752279000000001,0.011032695,170
libseff_new_and_improved_repo/bench/handler_stack_bench/output/massive 1000 1000 170,0.1060436730357143,0.004192351824982289,0.1072165035,0.0994358214285714,0.005949071428571429,0.09353117000000001,0.11168889300000001,170
libseff_binsearch_repo/bench/handler_stack_bench/output/massive 1000 1000 170,0.026572417727272733,0.0035447232091800466,0.025376922500000003,0.020569236363636376,0.005529900000000001,0.022275229,0.034829509,170
libseff_binsearch_clever_repo/bench/handler_stack_bench/output/massive 1000 1000 170,0.02693736484955753,0.001122935093271067,0.026743884000000002,0.02077167256637169,0.005721097345132743,0.024425975000000003,0.029708103000000003,170
libseff_automem_repo/bench/handler_stack_bench/output/massive 1000 1000 170,0.09646287177419355,0.0024885563009905925,0.096908165,0.09029735483870967,0.005215225806451614,0.092037351,0.10122591,170
libseff_master_repo/bench/handler_stack_bench/output/massive 1000 1000 180,0.0917944881875,0.002483389017452984,0.09147479900000001,0.08461940625,0.0061571562499999994,0.08788016700000001,0.10068283600000001,180
libseff_working_repo/bench/handler_stack_bench/output/massive 1000 1000 180,0.009371615414141403,0.0010624989798386456,0.009850684,0.00656171380471381,0.002304060606060607,0.006795205,0.010858913000000001,180
libseff_new_and_improved_repo/bench/handler_stack_bench/output/massive 1000 1000 180,0.10255463503846154,0.005617948765668355,0.100817029,0.09688611538461538,0.005337692307692307,0.09455998900000001,0.112079937,180
libseff_binsearch_repo/bench/handler_stack_bench/output/massive 1000 1000 180,0.03074161784615385,0.0027855362072559237,0.031203425000000003,0.024693649572649565,0.0055950085470085455,0.025559877,0.037381234,180
libseff_binsearch_clever_repo/bench/handler_stack_bench/output/massive 1000 1000 180,0.029219280958762875,0.0012424217535585145,0.029035978,0.02349819587628866,0.0053260309278350525,0.026379262,0.032083517,180
libseff_automem_repo/bench/handler_stack_bench/output/massive 1000 1000 180,0.08904373854545455,0.002245708860246124,0.089441876,0.08314096969696971,0.004909969696969697,0.084252596,0.092289956,180
libseff_master_repo/bench/handler_stack_bench/output/massive 1000 1000 190,0.09322273810344826,0.002144952760718726,0.092891262,0.08601817241379309,0.00686548275862069,0.089075839,0.10013118500000001,190
libseff_working_repo/bench/handler_stack_bench/output/massive 1000 1000 190,0.008063863875000002,0.0011213192872322798,0.007452018,0.005392367187500001,0.002340044270833335,0.006782471000000001,0.011743024000000001,190
libseff_new_and_improved_repo/bench/handler_stack_bench/output/massive 1000 1000 190,0.0961239779375,0.0037067253816988107,0.09475632850000001,0.09101165625,0.004853874999999999,0.089851203,0.10259605200000001,190
libseff_binsearch_repo/bench/handler_stack_bench/output/massive 1000 1000 190,0.031172953032258064,0.002344897526597115,0.031333057000000004,0.025565935483870966,0.005198344086021506,0.024163692,0.037227338000000006,190
libseff_binsearch_clever_repo/bench/handler_stack_bench/output/massive 1000 1000 190,0.03138056226041667,0.0013960553282796062,0.0313168325,0.02533235416666667,0.005635072916666668,0.028318827,0.034717085,190
libseff_automem_repo/bench/handler_stack_bench/output/massive 1000 1000 190,0.09426790666666666,0.0025734481209741013,0.09451031800000001,0.0885373333333333,0.005301133333333334,0.08943521,0.098232729,190
libseff_master_repo/bench/handler_stack_bench/output/massive 1000 1000 200,0.10085953372413792,0.0028250467512570343,0.100913849,0.09496948275862067,0.005642896551724137,0.094247436,0.10613687200000001,200
libseff_working_repo/bench/handler_stack_bench/output/massive 1000 1000 200,0.009317594753581659,0.001071231551366505,0.009771881000000001,0.006620939828080219,0.002344163323782234,0.0067045740000000005,0.011225734000000001,200
libseff_new_and_improved_repo/bench/handler_stack_bench/output/massive 1000 1000 200,0.11800100753846157,0.006788671569768873,0.11733684800000001,0.11207373076923077,0.005506230769230769,0.10372196800000001,0.12904738000000002,200
libseff_binsearch_repo/bench/handler_stack_bench/output/massive 1000 1000 200,0.029105830580000006,0.003994360157486387,0.0272847095,0.0229683,0.005810239999999999,0.024291628000000003,0.039201751,200
libseff_binsearch_clever_repo/bench/handler_stack_bench/output/massive 1000 1000 200,0.030606211134020622,0.0015969604959069487,0.030331098,0.024640752577319572,0.005480536082474227,0.027576581000000003,0.035020764,200
libseff_automem_repo/bench/handler_stack_bench/output/massive 1000 1000 200,0.100524453,0.002954672698212178,0.100396263,0.09445503448275865,0.005494275862068965,0.094883492,0.10855574500000001,200
libseff_master_repo/bench/handler_stack_bench/output/massive 1000 1000 210,0.10068849682758622,0.0018826406811843545,0.100657357,0.09500296551724136,0.005491068965517241,0.09646476200000001,0.10411381500000001,210
libseff_working_repo/bench/handler_stack_bench/output/massive 1000 1000 210,0.009432822488745978,0.000992105100830672,0.009838583000000001,0.006800797427652735,0.0023083794212218644,0.006856221,0.011027518,210
libseff_new_and_improved_repo/bench/handler_stack_bench/output/massive 1000 1000 210,0.12476622109090911,0.0074171026594674686,0.126306543,0.11934377272727273,0.005071454545454545,0.107485985,0.133028646,210
libseff_binsearch_repo/bench/handler_stack_bench/output/massive 1000 1000 210,0.031344142634146345,0.004148635772960865,0.030930171,0.025057121951219518,0.005741841463414634,0.024471714000000002,0.039392315000000004,210
libseff_binsearch_clever_repo/bench/handler_stack_bench/output/massive 1000 1000 210,0.03357525323595506,0.002236219835658219,0.033781687000000005,0.027156797752808992,0.00601155056179775,0.029354791,0.037361886000000004,210
libseff_automem_repo/bench/handler_stack_bench/output/massive 1000 1000 210,0.09948307620000002,0.002679904487226576,0.09894461,0.09343739999999996,0.0057176,0.09445341700000001,0.10560150300000001,210
libseff_master_repo/bench/handler_stack_bench/output/massive 1000 1000 220,0.10245215007142859,0.0025654818445805107,0.102124404,0.09610296428571431,0.006136999999999999,0.096956677,0.109573628,220
libseff_working_repo/bench/handler_stack_bench/output/massive 1000 1000 220,0.008314630682926833,0.0011214982292628213,0.007752953,0.005570228658536579,0.0024106310975609757,0.006854286,0.010752143,220
libseff_new_and_improved_repo/bench/handler_stack_bench/output/massive 1000 1000 220,0.1224552622173913,0.005227121986950153,0.12163882000000001,0.1159485652173913,0.005717739130434783,0.11467735300000001,0.130183242,220
libseff_binsearch_repo/bench/handler_stack_bench/output/massive 1000 1000 220,0.03440776222988505,0.0047816220824308305,0.035429655000000004,0.02828260919540229,0.005798758620689656,0.025082054000000003,0.043372802,220
libseff_binsearch_clever_repo/bench/handler_stack_bench/output/massive 1000 1000 220,0.03527764225000002,0.0022285867610321634,0.03566835,0.028580678571428573,0.006222952380952382,0.030833078000000003,0.040792217000000006,220
libseff_automem_repo/bench/handler_stack_bench/output/massive 1000 1000 220,0.1043588025862069,0.004081378507870582,0.103306122,0.09770334482758622,0.006330413793103448,0.09964239700000001,0.11728033,220
libseff_master_repo/bench/handler_stack_bench/output/massive 1000 1000 230,0.10739882360714288,0.0036731725684073196,0.10659878450000002,0.10102210714285713,0.005804464285714285,0.102109431,0.11675426700000001,230
libseff_working_repo/bench/handler_stack_bench/output/massive 1000 1000 230,0.00887406276851852,0.0013118567082309905,0.0089213785,0.005759725308641971,0.0024536512345679014,0.007032648000000001,0.012690259,230
libseff_new_and_improved_repo/bench/handler_stack_bench/output/massive 1000 1000 230,0.12837861523076927,0.008248242574717535,0.13020602250000002,0.1219597692307692,0.006101730769230768,0.11315796,0.141573894,230
libseff_binsearch_repo/bench/handler_stack_bench/output/massive 1000 1000 230,0.03449184484782609,0.003025413143559426,0.033444464,0.027925369565217396,0.006102445652173915,0.029500889000000002,0.042037635000000004,230
libseff_binsearch_clever_repo/bench/handler_stack_bench/output/massive 1000 1000 230,0.036899135375,0.002258133907315207,0.0367662235,0.029909562499999997,0.0065047125,0.032940072,0.044279466,230
libseff_automem_repo/bench/handler_stack_bench/output/massive 1000 1000 230,0.1082197235,0.0037399445137972147,0.10825376650000001,0.1007449285714286,0.00679832142857143,0.10296696400000001,0.118044011,230
libseff_master_repo/bench/handler_stack_bench/output/massive 1000 1000 240,0.11316809053846154,0.0025419996240807615,0.11344789450000001,0.10596184615384617,0.006569653846153847,0.10775824,0.118979474,240
libseff_working_repo/bench/handler_stack_bench/output/massive 1000 1000 240,0.00929623487080104,0.0011672241260777105,0.009808931,0.006441273901808781,0.002405671834625323,0.006858609000000001,0.011658408,240
libseff_new_and_improved_repo/bench/handler_stack_bench/output/massive 1000 1000 240,0.1251834525416667,0.008112896703621785,0.1218264185,0.11876958333333333,0.00561875,0.116167766,0.14357756800000002,240
libseff_binsearch_repo/bench/handler_stack_bench/output/massive 1000 1000 240,0.035070769540229876,0.00401888346097121,0.035572691000000004,0.028018643678160912,0.006295954022988504,0.027404689000000003,0.042059922,240
libseff_binsearch_clever_repo/bench/handler_stack_bench/output/massive 1000 1000 240,0.03864833404938272,0.002139524631710459,0.038854192,0.03173913580246913,0.006425814814814812,0.034085641,0.044296498000000004,240
libseff_automem_repo/bench/handler_stack_bench/output/massive 1000 1000 240,0.1107296177037037,0.0032769521712349386,0.110019081,0.1033139259259259,0.006773555555555556,0.106310211,0.11882819000000001,240
libseff_master_repo/bench/handler_stack_bench/output/massive 1000 1000 250,0.11313899396153847,0.003014259844767328,0.1130400825,0.10649969230769231,0.006269,0.107599893,0.119407435,250
libseff_working_repo/bench/handler_stack_bench/output/massive 1000 1000 250,0.008163887044067796,0.0010919765955175458,0.007538911000000001,0.005448359322033898,0.002400440677966102,0.0068879250000000005,0.010965045000000001,250
libseff_new_and_improved_repo/bench/handler_stack_bench/output/massive 1000 1000 250,0.12321273968000002,0.007056542164588665,0.12134842800000001,0.11687944,0.00588288,0.114223585,0.139083007,250
libseff_binsearch_repo/bench/handler_stack_bench/output/massive 1000 1000 250,0.0370313856111111,0.0027691451904969743,0.037607257000000005,0.029281805555555533,0.007226375000000001,0.031146889,0.043067924,250
libseff_binsearch_clever_repo/bench/handler_stack_bench/output/massive 1000 1000 250,0.033301710586206894,0.0017569296015073185,0.033333678000000005,0.026257344827586213,0.006457781609195402,0.028724208,0.037394499000000005,250
libseff_automem_repo/bench/handler_stack_bench/output/massive 1000 1000 250,0.11389896765384615,0.0025463544805698194,0.1141338385,0.10728007692307692,0.005804038461538462,0.10915798700000001,0.11894233000000001,250
libseff_master_repo/bench/handler_stack_bench/output/massive 1000 1000 260,0.1162442735769231,0.00353554219892126,0.11565370300000001,0.10932226923076921,0.006426730769230769,0.110160141,0.125345166,260
libseff_working_repo/bench/handler_stack_bench/output/massive 1000 1000 260,0.008437027028277632,0.0012081202388906102,0.007824108,0.005168835475578407,0.002508807197943445,0.006938983,0.011252461,260
libseff_new_and_improved_repo/bench/handler_stack_bench/output/massive 1000 1000 260,0.13751769908695652,0.006369092985199126,0.138422922,0.13193665217391307,0.005038565217391304,0.126460342,0.14753482,260
libseff_binsearch_repo/bench/handler_stack_bench/output/massive 1000 1000 260,0.03614848286904763,0.004053447791425856,0.035446869000000006,0.02891929761904762,0.006849809523809524,0.028822179000000003,0.044856279000000006,260
libseff_binsearch_clever_repo/bench/handler_stack_bench/output/massive 1000 1000 260,0.03277693645454546,0.0020019153264855946,0.032766374,0.025527525252525253,0.006784858585858586,0.028886722,0.036624433000000005,260
libseff_automem_repo/bench/handler_stack_bench/output/massive 1000 1000 260,0.12309948687999997,0.003998194736016978,0.12257548900000001,0.11590099999999998,0.006680839999999999,0.111759147,0.13103077400000002,260
libseff_master_repo/bench/handler_stack_bench/output/massive 1000 1000 270,0.12059050863999998,0.0023569596411359573,0.12028754500000001,0.11384955999999997,0.006373199999999999,0.11423300800000001,0.12437226700000001,270
libseff_working_repo/bench/handler_stack_bench/output/massive 1000 1000 270,0.009295793811643832,0.0011558162432166272,0.0097789855,0.006385020547945205,0.002368239726027399,0.006865006000000001,0.011465711,270
libseff_new_and_improved_repo/bench/handler_stack_bench/output/massive 1000 1000 270,0.13860742040000001,0.008453104567622079,0.13783824500000003,0.1319598,0.0057732999999999994,0.123266632,0.154566214,270
libseff_binsearch_repo/bench/handler_stack_bench/output/massive 1000 1000 270,0.03684463882022473,0.00425024365734755,0.03618587,0.030076325842696636,0.006246235955056182,0.030899970000000002,0.045387381000000004,270
libseff_binsearch_clever_repo/bench/handler_stack_bench/output/massive 1000 1000 270,0.032971964708333336,0.0019659514813348666,0.03293908,0.025941916666666672,0.006552916666666666,0.029021703000000003,0.037255513000000004,270
libseff_automem_repo/bench/handler_stack_bench/output/massive 1000 1000 270,0.11786728544000002,0.0027035339937162817,0.11724914400000001,0.11073212,0.006884679999999999,0.11299094700000001,0.12325155900000001,270
libseff_master_repo/bench/handler_stack_bench/output/massive 1000 1000 280,0.11931143628000002,0.0026506763840680307,0.11934337,0.11202183999999997,0.0063506000000000005,0.113961803,0.12609256900000002,280
libseff_working_repo/bench/handler_stack_bench/output/massive 1000 1000 280,0.008084406524421592,0.0010793400852755456,0.007539090000000001,0.005437295629820049,0.0023202622107969155,0.00679024,0.010823033000000001,280
libseff_new_and_improved_repo/bench/handler_stack_bench/output/massive 1000 1000 280,0.12926965234782611,0.0074759574395608,0.127376387,0.1228356086956522,0.006072043478260871,0.121562241,0.14802831200000002,280
libseff_binsearch_repo/bench/handler_stack_bench/output/massive 1000 1000 280,0.0431295983809524,0.0038254222225619513,0.044418653,0.035569206349206337,0.007041079365079365,0.034081713,0.049921676000000005,280
libseff_binsearch_clever_repo/bench/handler_stack_bench/output/massive 1000 1000 280,0.03722235196703296,0.0017722088621526118,0.037254024000000004,0.029186362637362635,0.007119890109890112,0.032544423,0.040591644,280
libseff_automem_repo/bench/handler_stack_bench/output/massive 1000 1000 280,0.12612962991666668,0.003833576056313808,0.126196041,0.11673729166666663,0.008946375000000001,0.118117262,0.137121772,280
libseff_master_repo/bench/handler_stack_bench/output/massive 1000 1000 290,0.13479422881818184,0.007475495787284443,0.132281635,0.12542740909090908,0.008837181818181815,0.12644280200000002,0.154897944,290
libseff_working_repo/bench/handler_stack_bench/output/massive 1000 1000 290,0.00858197086824324,0.0011788410092839602,0.0080226845,0.005485760135135134,0.002553388513513514,0.006854404000000001,0.011076142,290
libseff_new_and_improved_repo/bench/handler_stack_bench/output/massive 1000 1000 290,0.14478141690476193,0.010649587620599388,0.14399619500000002,0.13719914285714288,0.006814333333333335,0.127243566,0.16013664,290
libseff_binsearch_repo/bench/handler_stack_bench/output/massive 1000 1000 290,0.045608439629032264,0.0036884557739367153,0.046191696500000004,0.0371027258064516,0.007785870967741934,0.036362555000000005,0.052073393,290
libseff_binsearch_clever_repo/bench/handler_stack_bench/output/massive 1000 1000 290,0.03811811330379747,0.0024953051461859142,0.038404152000000004,0.030294772151898724,0.007344721518987343,0.032556099000000005,0.043527763000000004,290
libseff_automem_repo/bench/handler_stack_bench/output/massive 1000 1000 290,0.12288151408333338,0.002004793116735335,0.12282416400000001,0.11571204166666667,0.006803541666666665,0.118864987,0.128878404,290
libseff_master_repo/bench/handler_stack_bench/output/massive 1000 1000 300,0.1270209690869565,0.0036037761086888734,0.12659235700000002,0.11841456521739133,0.008326869565217391,0.121884553,0.135417289,300
libseff_working_repo/bench/handler_stack_bench/output/massive 1000 1000 300,0.00886374683512545,0.0012954286247136555,0.009508584,0.006333340501792115,0.0021774014336917572,0.0069017060000000005,0.011025013,300
libseff_new_and_improved_repo/bench/handler_stack_bench/output/massive 1000 1000 300,0.1459349374761905,0.007781586842512777,0.14747569200000002,0.13798799999999997,0.007412571428571431,0.134708671,0.161240147,300
libseff_binsearch_repo/bench/handler_stack_bench/output/massive 1000 1000 300,0.03859394886440678,0.004026107311948655,0.037273918,0.03106601694915253,0.007150101694915254,0.031568436000000005,0.050643481000000004,300
libseff_binsearch_clever_repo/bench/handler_stack_bench/output/massive 1000 1000 300,0.03592258331578949,0.0019890542020257244,0.035831374,0.028001500000000002,0.0074984473684210524,0.031770557000000005,0.039877069,300
libseff_automem_repo/bench/handler_stack_bench/output/massive 1000 1000 300,0.12799316169565214,0.003400679319734452,0.127100296,0.1214824347826087,0.0062319130434782604,0.12171166500000001,0.13473756,300
libseff_master_repo/bench/handler_stack_bench/output/massive 1000 1000 310,0.13364081745454548,0.004127828767868715,0.1343712575,0.12655954545454542,0.006180954545454545,0.126800267,0.14199740200000002,310
libseff_working_repo/bench/handler_stack_bench/output/massive 1000 1000 310,0.00826291951815181,0.001207032645296227,0.007653776,0.005443996699669969,0.0023912079207920782,0.006876467000000001,0.011009847000000001,310
libseff_new_and_improved_repo/bench/handler_stack_bench/output/massive 1000 1000 310,0.14562584475000004,0.006424342829620097,0.144509907,0.1383625,0.0069778999999999996,0.13675111,0.158399241,310
libseff_binsearch_repo/bench/handler_stack_bench/output/massive 1000 1000 310,0.04362074218918918,0.0043098044704604176,0.04390132,0.03646177027027026,0.006885635135135134,0.034769343,0.050889963,310
libseff_binsearch_clever_repo/bench/handler_stack_bench/output/massive 1000 1000 310,0.041079712602739724,0.002582320864029766,0.041248223,0.03294275342465754,0.007682534246575341,0.033950802,0.048152269000000004,310
libseff_automem_repo/bench/handler_stack_bench/output/massive 1000 1000 310,0.1321248782173913,0.002888619414952157,0.131963041,0.12399908695652172,0.007803826086956521,0.126817492,0.137784065,310
libseff_master_repo/bench/handler_stack_bench/output/massive 1000 1000 320,0.13963974576190477,0.003616740352612942,0.138831106,0.1323998095238095,0.007046142857142858,0.13515899,0.148448946,320
libseff_working_repo/bench/handler_stack_bench/output/massive 1000 1000 320,0.008430771321428582,0.001369918911268346,0.0077544745000000005,0.005542849489795917,0.0025664260204081636,0.006852207000000001,0.016260488,320
libseff_new_and_improved_repo/bench/handler_stack_bench/output/massive 1000 1000 320,0.14495870495238097,0.005003152745067514,0.145927718,0.1368162857142857,0.0075797619047619025,0.136205964,0.150901229,320
libseff_binsearch_repo/bench/handler_stack_bench/output/massive 1000 1000 320,0.04252283138333334,0.004047762368745821,0.042045341,0.034007316666666655,0.008192916666666668,0.036834320000000004,0.054394709000000006,320
libseff_binsearch_clever_repo/bench/handler_stack_bench/output/massive 1000 1000 320,0.04100819382608696,0.0030340959374466694,0.040953064000000004,0.03203120289855072,0.008605144927536229,0.036034774000000006,0.049394103,320
libseff_automem_repo/bench/handler_stack_bench/output/massive 1000 1000 320,0.14181396200000002,0.004101002763648743,0.1423679555,0.13453809999999997,0.0070183,0.133063328,0.149126176,320
libseff_master_repo/bench/handler_stack_bench/output/massive 1000 1000 330,0.1401815616,0.0028477013169129275,0.139809802,0.13128285,0.00855425,0.13427551000000001,0.147715426,330
libseff_working_repo/bench/handler_stack_bench/output/massive 1000 1000 330,0.009553855439024397,0.0011343757413471288,0.009963035,0.006845588850174214,0.002325132404181183,0.006910251,0.013786045,330
libseff_new_and_improved_repo/bench/handler_stack_bench/output/massive 1000 1000 330,0.16049188345,0.01011958224174664,0.161370711,0.1533486,0.00677875,0.14183431400000002,0.17403137200000002,330
libseff_binsearch_repo/bench/handler_stack_bench/output/massive 1000 1000 330,0.043181127051948064,0.005145026391461106,0.041948677000000004,0.03547894805194805,0.007111259740259741,0.036303396,0.05732986,330
libseff_binsearch_clever_repo/bench/handler_stack_bench/output/massive 1000 1000 330,0.0398955189859155,0.0033036752530733776,0.039794818,0.030904126760563384,0.00855111267605634,0.033628376,0.048932499000000004,330
libseff_automem_repo/bench/handler_stack_bench/output/massive 1000 1000 330,0.14126023020000006,0.0033296276891933,0.14096050850000003,0.13288115,0.0077626499999999985,0.13582644800000002,0.148394819,330
libseff_master_repo/bench/handler_stack_bench/output/massive 1000 1000 340,0.14398602042857142,0.0029052329436343393,0.14369752200000002,0.13616009523809522,0.007400952380952381,0.139774276,0.149131583,340
libseff_working_repo/bench/handler_stack_bench/output/massive 1000 1000 340,0.008185084218592964,0.0010860798281233466,0.007752433500000001,0.005407479899497488,0.002398359296482413,0.0068475920000000004,0.012354277,340
libseff_new_and_improved_repo/bench/handler_stack_bench/output/massive 1000 1000 340,0.15786278144444446,0.007285259648313582,0.1595059675,0.14971505555555553,0.007073166666666666,0.14432461500000002,0.17142938300000002,340
libseff_binsearch_repo/bench/handler_stack_bench/output/massive 1000 1000 340,0.04504830945454547,0.004992486454244873,0.045021257,0.0366685606060606,0.0075930151515151536,0.035071405,0.054546771,340
libseff_binsearch_clever_repo/bench/handler_stack_bench/output/massive 1000 1000 340,0.042257447603174604,0.003967239045935618,0.0419753,0.034413015873015894,0.00742111111111111,0.035493331,0.050504256000000004,340
libseff_automem_repo/bench/handler_stack_bench/output/massive 1000 1000 340,0.1432776137142857,0.003820975563497446,0.143230035,0.13541380952380952,0.007011,0.137100521,0.15493314900000002,340
libseff_master_repo/bench/handler_stack_bench/output/massive 1000 1000 350,0.1455895955238095,0.0051396831563463264,0.14531390700000002,0.13634390476190475,0.008712380952380952,0.137638963,0.15454577,350
libseff_working_repo/bench/handler_stack_bench/output/massive 1000 1000 350,0.00861327866329967,0.001191133750086398,0.008175412,0.0058739158249158235,0.0023206969696969696,0.006988421000000001,0.011477497000000001,350
libseff_new_and_improved_repo/bench/handler_stack_bench/output/massive 1000 1000 350,0.15995099188235296,0.005933377243829148,0.160044015,0.15304194117647055,0.006323411764705882,0.15016268900000002,0.172854945,350
libseff_binsearch_repo/bench/handler_stack_bench/output/massive 1000 1000 350,0.04611286222388059,0.0052280258279536595,0.044761568,0.03767122388059702,0.00793144776119403,0.037158372,0.057119136,350
libseff_binsearch_clever_repo/bench/handler_stack_bench/output/massive 1000 1000 350,0.04429526416417911,0.00401788426266029,0.043982337,0.03509641791044777,0.008696059701492537,0.037594159,0.053451801,350
libseff_automem_repo/bench/handler_stack_bench/output/massive 1000 1000 350,0.1442365694761905,0.003193526277632702,0.14403617400000002,0.1350927142857143,0.00832257142857143,0.138612861,0.14952304400000002,350
libseff_master_repo/bench/handler_stack_bench/output/massive 1000 1000 360,0.15164484025,0.004217013658385852,0.15000652250000002,0.14275365,0.007929899999999998,0.147700469,0.16158332,360
libseff_working_repo/bench/handler_stack_bench/output/massive 1000 1000 360,0.008948536609589035,0.0012887268581533238,0.009414355,0.005712976027397259,0.0024572568493150685,0.0068996890000000005,0.011385306000000001,360
libseff_new_and_improved_repo/bench/handler_stack_bench/output/massive 1000 1000 360,0.16694942835294116,0.0069885181103752116,0.16591228800000002,0.15722899999999998,0.008907823529411763,0.154379062,0.178638296,360
libseff_binsearch_repo/bench/handler_stack_bench/output/massive 1000 1000 360,0.04555054187096777,0.005878883938438342,0.044952073,0.03684601612903226,0.00802029032258064,0.034491908,0.058310419,360
libseff_binsearch_clever_repo/bench/handler_stack_bench/output/massive 1000 1000 360,0.04286969036507935,0.0038101389447066196,0.042539931,0.033623063492063496,0.00863868253968254,0.035772015000000004,0.052995562,360
libseff_automem_repo/bench/handler_stack_bench/output/massive 1000 1000 360,0.1506624240526316,0.003404759664145449,0.15006291900000002,0.1416133157894737,0.008804894736842104,0.146583063,0.158782943,360
libseff_master_repo/bench/handler_stack_bench/output/massive 1000 1000 370,0.15507826184210527,0.003108222055143323,0.15409435200000002,0.14717621052631577,0.007337684210526315,0.150191872,0.16415795300000002,370
libseff_working_repo/bench/handler_stack_bench/output/massive 1000 1000 370,0.008996370942567564,0.0013604977195723958,0.009539405,0.006129962837837841,0.00249479054054054,0.006899739,0.013692163,370
libseff_new_and_improved_repo/bench/handler_stack_bench/output/massive 1000 1000 370,0.18092591681249998,0.00386257970316705,0.180794637,0.17281774999999994,0.006952249999999999,0.172737984,0.187487268,370
libseff_binsearch_repo/bench/handler_stack_bench/output/massive 1000 1000 370,0.04903032712676057,0.006289590338267871,0.047716195,0.0391481971830986,0.009244140845070423,0.040102702000000004,0.060591178,370
libseff_binsearch_clever_repo/bench/handler_stack_bench/output/massive 1000 1000 370,0.04856183008219178,0.003530839754769744,0.049185472,0.039503739726027394,0.008520260273972603,0.040627491,0.05437535,370
libseff_automem_repo/bench/handler_stack_bench/output/massive 1000 1000 370,0.15281909026315793,0.0018516376200037664,0.152495724,0.14335863157894735,0.008795789473684212,0.14970022100000002,0.15556608000000002,370
libseff_master_repo/bench/handler_stack_bench/output/massive 1000 1000 380,0.1613169318888889,0.002253204282682306,0.16145936100000002,0.15263405555555556,0.007964944444444445,0.157378709,0.16615427500000002,380
libseff_working_repo/bench/handler_stack_bench/output/massive 1000 1000 380,0.00817772364329269,0.0011064054008679814,0.007581512,0.005633728658536586,0.002257042682926828,0.006911572,0.010841629,380
libseff_new_and_improved_repo/bench/handler_stack_bench/output/massive 1000 1000 380,0.18077758517647058,0.0035888972654877426,0.180718456,0.17356311764705878,0.006319764705882352,0.17463097500000002,0.18728239500000002,380
libseff_binsearch_repo/bench/handler_stack_bench/output/massive 1000 1000 380,0.051046912261538464,0.0052848092850080255,0.050366975,0.04149223076923076,0.008930646153846152,0.039792618,0.06533852700000001,380
libseff_binsearch_clever_repo/bench/handler_stack_bench/output/massive 1000 1000 380,0.04757636946874999,0.004296752634604096,0.0466284755,0.03809801562499999,0.008896437499999993,0.039835801000000004,0.057523047,380
libseff_automem_repo/bench/handler_stack_bench/output/massive 1000 1000 380,0.16070509222222223,0.002663054582977633,0.16080051150000002,0.1519791111111111,0.008418444444444444,0.155895104,0.16495723,380
libseff_master_repo/bench/handler_stack_bench/output/massive 1000 1000 390,0.1625873654444445,0.0026622103988273565,0.1622720485,0.1553167777777778,0.006629222222222223,0.158230906,0.16754997400000002,390
libseff_working_repo/bench/handler_stack_bench/output/massive 1000 1000 390,0.009556426445544556,0.000985816174502769,0.009943351000000001,0.006988178217821778,0.002198481848184818,0.0070383170000000005,0.010989844,390
libseff_new_and_improved_repo/bench/handler_stack_bench/output/massive 1000 1000 390,0.18943048866666662,0.003024495190885714,0.188938454,0.18126040000000004,0.007160133333333333,0.18384635300000002,0.19605282300000001,390
libseff_binsearch_repo/bench/handler_stack_bench/output/massive 1000 1000 390,0.04691196923076925,0.004907882571253178,0.045721200000000004,0.037488615384615384,0.008937846153846156,0.040539779000000005,0.059818442000000006,390
libseff_binsearch_clever_repo/bench/handler_stack_bench/output/massive 1000 1000 390,0.047374535176470604,0.0036190996929340593,0.047193872500000004,0.03855344117647058,0.00823094117647059,0.040570504,0.0553827,390
libseff_automem_repo/bench/handler_stack_bench/output/massive 1000 1000 390,0.16318836744444443,0.0029253765136351513,0.163151583,0.15450983333333335,0.00727011111111111,0.15945202,0.16952793800000002,390
libseff_master_repo/bench/handler_stack_bench/output/massive 1000 1000 400,0.16389052749999997,0.0037243040460520987,0.1640038055,0.1550046111111111,0.007950722222222224,0.156765336,0.171691419,400
libseff_working_repo/bench/handler_stack_bench/output/massive 1000 1000 400,0.00892131,0.0012225255648961198,0.009437494500000001,0.006142672297297296,0.002425158783783784,0.0068628610000000005,0.011124221,400
libseff_new_and_improved_repo/bench/handler_stack_bench/output/massive 1000 1000 400,0.18715212646666668,0.0048580331257003975,0.18589760000000002,0.17785659999999998,0.008767400000000002,0.1796136,0.19714849,400
libseff_binsearch_repo/bench/handler_stack_bench/output/massive 1000 1000 400,0.05094442716981131,0.005631908360522336,0.049739505,0.041036962264150934,0.009518792452830185,0.041855971000000006,0.061935123,400
libseff_binsearch_clever_repo/bench/handler_stack_bench/output/massive 1000 1000 400,0.04959646446153849,0.004155429478103231,0.049137650000000005,0.041037015384615384,0.007910153846153845,0.042488708,0.058624194000000004,400
libseff_automem_repo/bench/handler_stack_bench/output/massive 1000 1000 400,0.1654237367222222,0.0031953947260936364,0.16630611750000002,0.1578824444444444,0.007314055555555555,0.15895425300000002,0.17061773700000002,400
libseff_master_repo/bench/handler_stack_bench/output/massive 1000 1000 410,0.1719247933529412,0.002610184332343931,0.17135129200000002,0.1641628823529412,0.007283470588235292,0.16855245600000002,0.17784709,410
libseff_working_repo/bench/handler_stack_bench/output/massive 1000 1000 410,0.008046178976401185,0.0009998879599398972,0.007598454,0.005292837758112096,0.0024066961651917386,0.006955681,0.011188505000000001,410
libseff_new_and_improved_repo/bench/handler_stack_bench/output/massive 1000 1000 410,0.18975452962500006,0.005732541481326829,0.1883644305,0.18106624999999996,0.008474375,0.178117658,0.20010898100000002,410
libseff_binsearch_repo/bench/handler_stack_bench/output/massive 1000 1000 410,0.05252894848148148,0.005321538819089118,0.052713248000000004,0.04262170370370369,0.009385740740740741,0.041301298,0.062472117,410
libseff_binsearch_clever_repo/bench/handler_stack_bench/output/massive 1000 1000 410,0.053269698101694914,0.0035389302554857264,0.054194676000000004,0.044558271186440665,0.008352694915254236,0.045680187000000004,0.059488969,410
libseff_automem_repo/bench/handler_stack_bench/output/massive 1000 1000 410,0.1731226348235294,0.002025793662517522,0.17314821400000002,0.16505317647058826,0.007737941176470588,0.169544246,0.17678748700000002,410
libseff_master_repo/bench/handler_stack_bench/output/massive 1000 1000 420,0.1738780348235294,0.0031474868359737877,0.174554662,0.16388429411764702,0.00939511764705882,0.16797536000000002,0.179684634,420
libseff_working_repo/bench/handler_stack_bench/output/massive 1000 1000 420,0.008941990374999997,0.0012677899458100944,0.009300209,0.0061876125,0.0023658000000000004,0.006839845000000001,0.011333300000000001,420
libseff_new_and_improved_repo/bench/handler_stack_bench/output/massive 1000 1000 420,0.19509841593333335,0.006357021723739705,0.192857047,0.18510720000000003,0.009298599999999999,0.18756602900000002,0.20981168700000002,420
libseff_binsearch_repo/bench/handler_stack_bench/output/massive 1000 1000 420,0.05132279659016395,0.006896206613233337,0.050215689,0.042066278688524576,0.008933918032786882,0.041315794,0.06630702000000001,420
libseff_binsearch_clever_repo/bench/handler_stack_bench/output/massive 1000 1000 420,0.05244452632758619,0.002930920082538129,0.051726324000000004,0.0433338448275862,0.008517672413793104,0.047632937,0.059999669000000005,420
libseff_automem_repo/bench/handler_stack_bench/output/massive 1000 1000 420,0.17337576476470593,0.0026848364314454856,0.17413667000000002,0.16490747058823527,0.007958941176470587,0.16743975500000002,0.17791488200000002,420
libseff_master_repo/bench/handler_stack_bench/output/massive 1000 1000 430,0.17638790012500002,0.003976394215051651,0.175080474,0.1677619375,0.008220749999999999,0.170271166,0.185597211,430
libseff_working_repo/bench/handler_stack_bench/output/massive 1000 1000 430,0.009160873298657723,0.001177770487330228,0.009811473000000001,0.006541171140939601,0.002280828859060402,0.006914788000000001,0.010831401000000001,430
libseff_new_and_improved_repo/bench/handler_stack_bench/output/massive 1000 1000 430,0.19311588560000004,0.004905597614249514,0.19104262600000002,0.18471706666666668,0.007703133333333333,0.185547275,0.201370871,430
libseff_binsearch_repo/bench/handler_stack_bench/output/massive 1000 1000 430,0.05789482605882353,0.007152416536711933,0.05998937100000001,0.048233294117647055,0.008797333333333334,0.040242,0.06785474300000001,430
libseff_binsearch_clever_repo/bench/handler_stack_bench/output/massive 1000 1000 430,0.05474920868852459,0.003531459563051627,0.054155376000000005,0.045597000000000006,0.008509704918032789,0.04842015,0.06674764100000001,430
libseff_automem_repo/bench/handler_stack_bench/output/massive 1000 1000 430,0.17625500293750004,0.003310401471589805,0.17568406450000001,0.168063625,0.007977749999999999,0.171339288,0.18201082000000002,430
libseff_master_repo/bench/handler_stack_bench/output/massive 1000 1000 440,0.18026549775,0.002536922224314347,0.180048745,0.17204487499999999,0.007737437499999999,0.174679782,0.18399577,440
libseff_working_repo/bench/handler_stack_bench/output/massive 1000 1000 440,0.008068966551020405,0.001074650081722521,0.007499531,0.005581448979591837,0.0021435340136054418,0.0068608900000000006,0.011237055000000001,440
libseff_new_and_improved_repo/bench/handler_stack_bench/output/massive 1000 1000 440,0.19369534500000005,0.003344265546950332,0.192474155,0.186581,0.0069072000000000005,0.190205112,0.20075424400000003,440
libseff_binsearch_repo/bench/handler_stack_bench/output/massive 1000 1000 440,0.05694570103389831,0.0054113937308923445,0.058375664,0.04749411864406781,0.009039610169491525,0.042174693,0.06672070000000001,440
libseff_binsearch_clever_repo/bench/handler_stack_bench/output/massive 1000 1000 440,0.05522339955555556,0.0036834865269328204,0.054728995,0.046237814814814815,0.008350537037037033,0.04621931,0.066065764,440
libseff_automem_repo/bench/handler_stack_bench/output/massive 1000 1000 440,0.1800890471875,0.0030110619199343242,0.179424833,0.17070212499999998,0.008719500000000002,0.17389992,0.18552679000000002,440
libseff_master_repo/bench/handler_stack_bench/output/massive 1000 1000 450,0.1842271106875,0.002550628033814198,0.1835870255,0.17287124999999998,0.0104350625,0.17994521000000002,0.189040495,450
libseff_working_repo/bench/handler_stack_bench/output/massive 1000 1000 450,0.009271579676543224,0.0011102401474152122,0.009775966,0.006713103703703708,0.0021598790123456783,0.006901524,0.011661653000000001,450
libseff_new_and_improved_repo/bench/handler_stack_bench/output/massive 1000 1000 450,0.2102604129333333,0.006171304859759094,0.21096013900000002,0.2017321333333333,0.008314733333333333,0.20075905700000002,0.2195457,450
libseff_binsearch_repo/bench/handler_stack_bench/output/massive 1000 1000 450,0.053001337507936494,0.0062183850196542555,0.051317579,0.04327476190476191,0.009425523809523804,0.044490918000000004,0.066676605,450
libseff_binsearch_clever_repo/bench/handler_stack_bench/output/massive 1000 1000 450,0.05496947769642856,0.0026744822123522076,0.05472513700000001,0.04455410714285714,0.009845285714285713,0.049697071,0.063736232,450
libseff_automem_repo/bench/handler_stack_bench/output/massive 1000 1000 450,0.18378585987500004,0.003705824757086565,0.1844066705,0.173960375,0.008931375,0.177720491,0.191378343,450
libseff_master_repo/bench/handler_stack_bench/output/massive 1000 1000 460,0.18948621960000003,0.0023046167115936705,0.189428334,0.17812166666666665,0.010390333333333331,0.185051333,0.193222105,460
libseff_working_repo/bench/handler_stack_bench/output/massive 1000 1000 460,0.008335248847517728,0.0012853619388174268,0.0076461545,0.005765648936170213,0.0020733262411347505,0.0067066090000000005,0.010815345,460
libseff_new_and_improved_repo/bench/handler_stack_bench/output/massive 1000 1000 460,0.20925997240000002,0.004727139653476928,0.20901408400000002,0.20083893333333333,0.007712333333333334,0.20060561600000001,0.216695763,460
libseff_binsearch_repo/bench/handler_stack_bench/output/massive 1000 1000 460,0.054304015627118674,0.006561983022725983,0.053262052000000004,0.04458362711864404,0.009124203389830509,0.043333596,0.06598102,460
libseff_binsearch_clever_repo/bench/handler_stack_bench/output/massive 1000 1000 460,0.05961238044680851,0.00529996537373288,0.058640506,0.04951657446808509,0.009252106382978721,0.051019182,0.073494537,460
libseff_automem_repo/bench/handler_stack_bench/output/massive 1000 1000 460,0.18774628880000002,0.003898988544440971,0.186396225,0.17749099999999995,0.009567866666666668,0.18340289,0.19433081700000002,460
libseff_master_repo/bench/handler_stack_bench/output/massive 1000 1000 470,0.18948866831250002,0.003037284494170908,0.1887989095,0.1791950625,0.00942825,0.185154287,0.19619182500000001,470
libseff_working_repo/bench/handler_stack_bench/output/massive 1000 1000 470,0.008226665896039603,0.0011268474293702811,0.007632984000000001,0.005540846534653464,0.002326012376237623,0.006831824,0.010607488,470
libseff_new_and_improved_repo/bench/handler_stack_bench/output/massive 1000 1000 470,0.2174370575333334,0.0038295816115918864,0.21741638200000002,0.20684906666666664,0.009814133333333332,0.21187803900000002,0.22290029400000003,470
libseff_binsearch_repo/bench/handler_stack_bench/output/massive 1000 1000 470,0.06129494404761905,0.00765936651367805,0.059689134000000005,0.05025909523809524,0.010327309523809523,0.048917164000000006,0.07475670400000001,470
libseff_binsearch_clever_repo/bench/handler_stack_bench/output/massive 1000 1000 470,0.06429582828000001,0.0068017377645106306,0.06322981250000001,0.05442024000000001,0.00934418,0.053068516,0.08284374300000001,470
libseff_automem_repo/bench/handler_stack_bench/output/massive 1000 1000 470,0.19301781633333331,0.00463872296730188,0.191776088,0.18408826666666664,0.008518733333333332,0.187066949,0.20089541100000002,470
libseff_master_repo/bench/handler_stack_bench/output/massive 1000 1000 480,0.19297472906666666,0.0025115755285074,0.192999213,0.18333200000000002,0.009048333333333332,0.18953382900000001,0.19756193100000002,480
libseff_working_repo/bench/handler_stack_bench/output/massive 1000 1000 480,0.009575095475783476,0.0009063679723076078,0.009903423000000001,0.007017672364672366,0.0022063418803418807,0.006908887000000001,0.011346278000000001,480
libseff_new_and_improved_repo/bench/handler_stack_bench/output/massive 1000 1000 480,0.21977917966666669,0.004611132813354883,0.22082404800000002,0.21050333333333332,0.008774333333333334,0.21260093600000002,0.22638892200000002,480
libseff_binsearch_repo/bench/handler_stack_bench/output/massive 1000 1000 480,0.06241813005454544,0.0073485774814221775,0.062192553000000005,0.05193185454545456,0.009540672727272728,0.049295469,0.08442790600000001,480
libseff_binsearch_clever_repo/bench/handler_stack_bench/output/massive 1000 1000 480,0.06549187851020408,0.004852039531355942,0.06526221800000001,0.05423255102040818,0.010668387755102043,0.05850003300000001,0.075572653,480
libseff_automem_repo/bench/handler_stack_bench/output/massive 1000 1000 480,0.1970311474666667,0.004896756919071071,0.196821618,0.18467519999999996,0.011688733333333335,0.187210269,0.20521818600000002,480
libseff_master_repo/bench/handler_stack_bench/output/massive 1000 1000 490,0.20106371106666662,0.004540888950746626,0.200733295,0.18994073333333333,0.010657400000000001,0.194453805,0.209292463,490
libseff_working_repo/bench/handler_stack_bench/output/massive 1000 1000 490,0.00808973089542484,0.0010757709629527488,0.0075779235,0.00520687581699346,0.0022479869281045745,0.006909911,0.012427004,490
libseff_new_and_improved_repo/bench/handler_stack_bench/output/massive 1000 1000 490,0.21747230406666668,0.004706373300129996,0.216665463,0.20767339999999998,0.008470066666666666,0.212005239,0.229231169,490
libseff_binsearch_repo/bench/handler_stack_bench/output/massive 1000 1000 490,0.06529591444736842,0.007390373649353271,0.068070032,0.05474652631578946,0.00997884210526316,0.050440410000000005,0.07833835800000001,490
libseff_binsearch_clever_repo/bench/handler_stack_bench/output/massive 1000 1000 490,0.069966425825,0.004915691555126939,0.071161171,0.05952424999999999,0.009831325,0.057464686,0.076558972,490
libseff_automem_repo/bench/handler_stack_bench/output/massive 1000 1000 490,0.19638130000000004,0.001791838971734146,0.19628071300000002,0.18540833333333334,0.010082266666666668,0.192402121,0.199370491,490
libseff_master_repo/bench/handler_stack_bench/output/massive 1000 1000 500,0.200834631,0.0027607809033472733,0.20083457300000002,0.191026,0.009298066666666664,0.19618373900000002,0.205309079,500
libseff_working_repo/bench/handler_stack_bench/output/massive 1000 1000 500,0.008228223305630028,0.0011362386154561584,0.007611906000000001,0.005451329758713129,0.002207091152815014,0.006868738,0.011208850000000001,500
libseff_new_and_improved_repo/bench/handler_stack_bench/output/massive 1000 1000 500,0.215109697,0.005699907401512939,0.21503991900000002,0.2063654666666666,0.0085148,0.20834043700000002,0.23264017,500
libseff_binsearch_repo/bench/handler_stack_bench/output/massive 1000 1000 500,0.061502749041666686,0.006878716395734892,0.06236026,0.04899504166666665,0.012140749999999999,0.047120065,0.07414802200000001,500
libseff_binsearch_clever_repo/bench/handler_stack_bench/output/massive 1000 1000 500,0.05647376239583334,0.00541870643361979,0.056641725500000004,0.045507687500000005,0.010269208333333333,0.047051754,0.06455956,500
libseff_automem_repo/bench/handler_stack_bench/output/massive 1000 1000 500,0.20066723726666671,0.002056985577846915,0.20042748200000002,0.18914293333333332,0.011168333333333334,0.19751996600000002,0.205262879,500
